,accuracy,precision,recall,f1-score
MultinomialNB,0.6578947368421053,1.0,0.6486486486486487,0.7868852459016393
LogisticRegression,0.6684210526315789,0.9919354838709677,0.6648648648648648,0.7961165048543689
LinearSVM,0.6684210526315789,0.9919354838709677,0.6648648648648648,0.7961165048543689
